Date,Event,Venue,Interested Count,Link,Start Time,End Time,Cost,Artists,Promoters
2026-04-09,UNITY AT KITKAT CLUB,KitKatClub,249,https://ra.co/events/2343582,2026-04-09T22:00:00.000,2026-04-10T07:00:00.000,,"ELLER, DJ Henk, e.leptic",UNITYBERLIN
2026-04-09,weeeirdos,Berghain | Panorama Bar | Säule,108,https://ra.co/events/2377324,2026-04-09T22:00:00.000,2026-04-10T06:00:00.000,,"DJ Pete, Dr. Rubinstein, LOLSNAKE, Tijana T, VINVAR",OstGut GmbH
2026-04-09,Renate Klubnacht w/ Wohnzimmer030,Renate,89,https://ra.co/events/2364819,2026-04-09T23:00:00.000,2026-04-10T06:00:00.000,,"Anestis, heinrich grooves, Rosa Red, smht",Renate Club
2026-04-09,Headache,Silent Green,40,https://ra.co/events/2351947,2026-04-09T20:00:00.000,2026-04-09T23:00:00.000,,,"Goodlive Artists, Trinity Music GmbH"
2026-04-09,Savory - Wan All Night Long,OST,38,https://ra.co/events/2398252,2026-04-09T23:00:00.000,2026-04-10T06:00:00.000,,WAN.1,OST 
2026-04-09,"Welcome To My House: Eva Crystaltips, La Terrasse",Bulbul Berlin,33,https://ra.co/events/2401024,2026-04-09T23:00:00.000,2026-04-10T04:00:00.000,€,"Eva Crystaltips, La Terrasse",
2026-04-09,Etikett Radio Family Party 001 ,arkaoda Berlin,28,https://ra.co/events/2396121,2026-04-09T20:00:00.000,2026-04-10T04:00:00.000,10,"Appleblim, DJ Einkaufswagen, Marius Iris, RosieCpt",Etikett Radio
2026-04-09,THE UNKNOWN (𝘍𝘙𝘌𝘌 𝘌𝘕𝘛𝘙𝘠 𝘜𝘕𝘛𝘐𝘓 22:00 ⟶ 𝘋𝘖𝘕𝘈𝘛𝘐𝘖𝘕-𝘉𝘈𝘚𝘌𝘋 𝘈𝘍𝘛𝘌𝘙),Zu Mir Oder Zu Dir,27,https://ra.co/events/2406499,2026-04-09T19:00:00.000,2026-04-10T02:00:00.000,,"Emilion Dollar Baby, Kazuki Takahashi",
2026-04-09,Record Turnover x Dissontiya,Sameheads,26,https://ra.co/events/2390578,2026-04-09T21:00:00.000,2026-04-10T04:00:00.000,€10,"Sarla, Shersh, Sariim, Christopher Bo, Record Turnover, Bette Davis Eyes","Sameheads, Record Turnover"
2026-04-09,pre:sense pres. Jesse G [Vinyl Only],Paloma,26,https://ra.co/events/2401466,2026-04-09T22:00:00.000,2026-04-10T04:00:00.000,12,"Jesse G, YNNY, Grillac",pre:sense
2026-04-09,Tausend Electronica: Christophe Barthe,Tausend,20,https://ra.co/events/2410128,2026-04-09T21:00:00.000,2026-04-10T03:00:00.000,,,TausendElectronica
2026-04-09,SWARM,Crack Bellmer,15,https://ra.co/events/2395347,2026-04-09T21:00:00.000,2026-04-10T05:00:00.000,,"fahd tv, Pascale Project","Crack Bellmer, SWARM+"
2026-04-09,MNJM,OHM,17,https://ra.co/events/2399757,2026-04-09T22:00:00.000,2026-04-10T06:00:00.000,15,"Berenice, ELAYN, Dj Saliva, Kasja, Milad Samara",MNJM
2026-04-09,"Acephalic Headspace w Zustand D., elisanyhm, Krushak, Don't DJ, Anna Butter",Bar Neun,14,https://ra.co/events/2380740,2026-04-09T20:30:00.000,2026-04-10T02:30:00.000,€ 15.-,"elisanyhm, Krushak, Anna Butter, Marc Matter, DON'T DJ",
2026-04-05,"manic.monday mit Leeroyyal, Fif, RX & Demar",Minimal Bar,15,https://ra.co/events/2388245,2026-04-05T18:00:00.000,2026-04-15T05:00:00.000,,"RX (1), Demar",mini.mal elektrokneipe
2026-04-09,Thursday Breakdown - Bass Music DJ Session,Lauschangriff,14,https://ra.co/events/2406132,2026-04-09T20:00:00.000,2026-04-10T01:30:00.000,,"bakläxa, Sami (2), Scre_wy",
2026-04-09,STRAFF – Thursday Techno / 5€ before 1 AM,Der Weiße Hase,13,https://ra.co/events/2406510,2026-04-09T23:00:00.000,2026-04-10T08:00:00.000,,"Wiebe Roose, Fabian Fischbach, DAV3",Der Weiße Hase
2026-04-08,Sachsentrance Abriss Ski Tour im Zillertal,"TBA - Zillertal, Austria",11,https://ra.co/events/2407114,2026-04-08T09:00:00.000,2026-04-12T20:00:00.000,20-50,"Paraçek, A.N.I., The Jakob Sister, RaverPik, Sabu!, Lenny Fuck, DJ Buona Sara",Sachsentrance
2026-04-09,"FREE ENTRY: Piano & Poetry: Art Show, Live Music & Open Stage",TBA - Pullman Berlin Schweizerhof (BLEND BAR),11,https://ra.co/events/2411807,2026-04-09T19:30:00.000,2026-04-09T23:59:00.000,0,,DNA. ART
2026-04-09,Chantal's House of Shame,Lokschuppen Berlin,10,https://ra.co/events/2402620,2026-04-09T23:00:00.000,2026-04-10T06:00:00.000,,,Lokschuppen Berlin
2026-04-09,[Cancelled] Two Band Festival by Silvan Strauss: SILVAN STRAUSS X BRICKNASTY,Gretchen,9,https://ra.co/events/2323083,2026-04-09T19:30:00.000,2026-04-09T23:00:00.000,12/18/25+,,Good Day Berlin Kultur und Veranstaltungen GmbH
2026-04-09,"AMSELCOM x Klunkerkranich w. Jonas Schilling, Skydrips, Solatic",Klunkerkranich,9,https://ra.co/events/2402312,2026-04-09T16:00:00.000,2026-04-10T01:00:00.000,9,"Jonas Schilling, Skydrips, Solatic",Klunkerkranich
2026-04-09,HOUSE EDUCATION #02,Fitzroy,7,https://ra.co/events/2405700,2026-04-09T18:00:00.000,2026-04-09T23:59:00.000,8,"Qualia Trax, Dj handbag",HOUSE EDUCATION
2026-04-09,❖ Cosmic Thursdays meets Krissonik & Chris Zippel ❖,Süss War Gestern,6,https://ra.co/events/2412224,2026-04-09T22:00:00.000,2026-04-10T06:00:00.000,,"Chris Zippel, Krissønik, Neobeo",
2026-04-09,Nightshade Family,Golden Gate,6,https://ra.co/events/2399856,2026-04-09T23:59:00.000,2026-04-10T12:00:00.000,?,"Argenis Brito, Dompe, Nils Ohrmann",Golden Gate
2026-04-09,Heated Rivalry Music&Quiz Night,Urbayn Berlin,4,https://ra.co/events/2401332,2026-04-09T19:00:00.000,2026-04-09T23:00:00.000,15,,Berlin Energy Network
2026-04-09,glider,Ikii,7,https://ra.co/events/2410878,2026-04-09T18:00:00.000,2026-04-09T23:30:00.000,€0,"Nick Höppner, Bill Santoro",
2026-04-07,Klubkneipe x Tuesday Ritual,Prisma,4,https://ra.co/events/2411064,2026-04-07T18:00:00.000,2026-04-12T02:00:00.000,0,,
2026-04-09,Sssmile Afterhour,Prisma,3,https://ra.co/events/2398969,2026-04-09T06:00:00.000,2026-04-09T13:00:00.000,0,"JUICYMOKA, The Shredder",Symbiotikka / Too Much Entertainment
2026-04-09,CRAZY MEGA JAM live at Gaswerk Music Concerts / Block1 Berlin,Block1,3,https://ra.co/events/2400178,2026-04-09T20:00:00.000,2026-04-09T23:59:00.000,12,"Halosaur, Johannes Klingebiel",Gaswerk Music Days
2026-04-09,PHANTOM THURSDAY ,Phantom Bar Berlin,5,https://ra.co/events/2413729,2026-04-09T22:00:00.000,2026-04-10T05:00:00.000,,"JADA, Hanaby",
2026-04-09,electronic.thursday mit CEEE,Minimal Bar,1,https://ra.co/events/2384808,2026-04-09T18:00:00.000,2026-04-10T04:00:00.000,,CEEE,mini.mal elektrokneipe
2026-04-09,Make Thursday Late Again,Hotel Telegraphenamt -1,0,https://ra.co/events/2412363,2026-04-09T18:00:00.000,2026-04-10T00:00:00.000,0,,ROOTBar
2026-04-10,Open2Close: Chlär all night long,RSO.BERLIN,1044,https://ra.co/events/2390208,2026-04-10T23:00:00.000,2026-04-11T08:00:00.000,,Chlär,RSO.BERLIN
2026-04-10,F90,Lokschuppen Berlin,453,https://ra.co/events/2173763,2026-04-10T23:00:00.000,2026-04-11T08:00:00.000,,"KLING&KLANG, 2HOT2PLAY, Kichta, Linds, Paul Meier, Paralich, Knallplatten, Benleh, Valenthin, LEAH (3), FORTUNATA","Lokschuppen Berlin, Formula90"
2026-04-10,"ODD w. Chrissyjeey, DJ Dreckisch, DJ Achim Feuervogel",OST,457,https://ra.co/events/2371930,2026-04-10T23:00:00.000,2026-04-11T08:00:00.000,,"ANDATA, DJ Achim Feuervogel, DJ DRECKISCH, Lisek, two girls one mom",OST 
2026-04-10,Baile TRAMA ᯓ⭑ 2 CLUBS,Lark,403,https://ra.co/events/2379110,2026-04-10T23:30:00.000,2026-04-11T06:00:00.000,,"Alys, HEMATOMA, JCVS, KBRAL, Kebra (BR), N3LYSTAR, SZAL",TRAMA
2026-04-10,"NRG with Diffrent, Dr Dubplate, RIRIA a.m",Prince Charles,303,https://ra.co/events/2393333,2026-04-10T23:00:00.000,2026-04-11T06:00:00.000,€,"Diffrent, Dr Dubplate, RIRIA, KENZA, NRG Krew","KOFFAIN, givemethatnrg"
2026-04-10,Mario Bounce,ÆDEN,282,https://ra.co/events/2382469,2026-04-10T23:00:00.000,2026-04-11T07:00:00.000,,"DJ Hyperfck, Amo (IT), Gina del Slay, EZA (DE), Patchy, Paul Bauhaus, subcutan","Dirty Trancing, Delululand.de"
2026-04-10,"SHOCC with STORM, PALØ, Agostina Spinelli",M-BIA,223,https://ra.co/events/2399397,2026-04-10T23:00:00.000,2026-04-11T09:00:00.000,"9,95+","STORM, PALØ, DMS1N3RGY, Popsen",M-BIA Event Promotion
2026-04-10,ELOTRANCE x neodyn w/ Baron Von Trax,://about blank,198,https://ra.co/events/2329688,2026-04-10T23:00:00.000,2026-04-11T08:00:00.000,20,"Baron Von Trax, Ben Derris, Talia Dorr, CARGO (DE), DiscoDaisy, DJ Babyblade, EliaHaze, DJ SeXex, Ellen Trenn, Stamina (DE), Younes Jamil","neodyn, elotrance"
2026-04-10,Kater x Mit Dir,Kater,200,https://ra.co/events/2379822,2026-04-10T22:00:00.000,2026-04-11T08:00:00.000,,"Katzenohr, Pauli Pocket, Amount (DE), Schwirri, TAQTIK",Kater
2026-04-10,FEIERAMT X FURIA COLLECTIVE ,KREUZWERK,193,https://ra.co/events/2370557,2026-04-10T23:59:00.000,2026-04-11T10:00:00.000,,"Connor Wall, Toobris, Equus Belli, A.Litique, Jessie Granqvist, Maris Shilton, STAANA, Toscan Haas","FEIERAMT, Furia Collective, kreuzwerk.berlin"
2026-04-10,Gabber Commotion III - Joint Forces,Badehaus Berlin,191,https://ra.co/events/2366176,2026-04-10T23:59:00.000,2026-04-11T06:00:00.000,,,Gabber Commotion
2026-04-10,Sama' Abdulhadi – Live in Berlin,Gretchen,176,https://ra.co/events/2385168,2026-04-10T23:59:00.000,2026-04-11T05:00:00.000,35,Sama' Abdulhadi,Obba
2026-04-10,Sammy Virji,Astra Kulturhaus,161,https://ra.co/events/2285017,2026-04-10T20:00:00.000,2026-04-10T23:00:00.000,"33,50","Sammy Virji, Diffrent",Trinity Music GmbH
2026-04-10,SUBSTATION,AMT,164,https://ra.co/events/2391779,2026-04-10T23:59:00.000,2026-04-11T14:00:00.000,,"ābnamā, Dauwd, Majdolen, Menishu, Richii, SXCL",TOTW
2026-04-10,"all my thoughts with Tom VR, Yetsuby, Wretla, Seb Wildblood",arkaoda Berlin,127,https://ra.co/events/2369692,2026-04-10T21:00:00.000,2026-04-11T06:00:00.000,10/15/20,"Tom VR, Yetsuby, Wretla, Seb Wildblood","arkaoda Berlin, all my thoughts"
2026-04-10,EKG x Veinyl,Coco Boule,124,https://ra.co/events/2402374,2026-04-10T22:00:00.000,2026-04-11T06:00:00.000,20,Schiela,Veinyl Berlin
2026-04-10,Tresor meets Resonance of Dub,Tresor / Globus,124,https://ra.co/events/2383008,2026-04-10T23:00:00.000,2026-04-11T12:00:00.000,22,"Ireen Amnes, Mary Lake, Matrixxman, Michael Ius, DJ Sotofett, Gilb'R",Tresor Club
2026-04-10,Hoppetosse x Yoyaku,Hoppetosse,119,https://ra.co/events/2373993,2026-04-10T23:00:00.000,2026-04-11T09:00:00.000,,"Garrett David, Kian OK, Monile, Tomas Station",Yoyaku
2026-04-10,"Pain Management: DJ LAG, Alys(Alys)Alys, Significant Other & Bruce",OHM,95,https://ra.co/events/2373711,2026-04-10T23:59:00.000,2026-04-11T08:00:00.000,15,"DJ LAG, Alys, Significant Other, Bruce",Pain Management
2026-04-10,Upps! Die Atzenshow,Humboldthain Club,89,https://ra.co/events/2328241,2026-04-10T23:00:00.000,2026-04-11T08:00:00.000,15,"5euroGoldi, Trashabelle, alemiko, elvito, Winston Choppa, DJ BRECHSTANGE, El Pastor",Pfandidos
2026-04-10,Renate Klubnacht w/ Habitus & Sektor Showcase,Renate,74,https://ra.co/events/2364825,2026-04-10T23:00:00.000,2026-04-11T08:00:00.000,22,"ELSA (DE), E2NMN, Kaan Pirecioglu, Tobi Lack, DJ Klosing, EUROBABES, Philo, theories",Renate Club
2026-04-10,YOUNG LOVE,Insomnia,67,https://ra.co/events/2329500,2026-04-10T22:00:00.000,2026-04-11T06:00:00.000,28,"Sika Akis, Ben Green, Sylent, BioTec -official-",Alte Liebe Events
2026-04-10,Paradiso 1st Birthday w/ Sound Metaphors + more,KitKatClub,64,https://ra.co/events/2404610,2026-04-10T22:00:00.000,2026-04-11T10:00:00.000,15,"Sound Metaphors Djs, Melanie Havens, Kalipo, Feel .MA, Franz Scala, Furotica, Ricardo Castro",Revolver Party
2026-04-10,TB10: Touching Bass meets SHUSH,TBA - Secret Location,61,https://ra.co/events/2380787,2026-04-10T18:00:00.000,2026-04-12T06:00:00.000,15-25,"D'Monk, Errol, Ken Okuda, Maxwell Owin, Naima Adams","Touching Bass, SHUSH"
2026-04-10,JEMBAA GROOVE *live,Gretchen,50,https://ra.co/events/2319020,2026-04-10T19:30:00.000,2026-04-10T23:00:00.000,10/15/22+,,Good Day Berlin Kultur und Veranstaltungen GmbH
2026-04-10,Against Interpretation Club,Berghain | Panorama Bar | Säule,45,https://ra.co/events/2377326,2026-04-10T22:00:00.000,2026-04-11T06:00:00.000,,"Broodoo Ramses, Courtesy, Eline (BE), FAUZIA",OstGut GmbH
2026-04-10,CALENTURA NECIA,Panke,43,https://ra.co/events/2394414,2026-04-10T22:00:00.000,2026-04-11T06:00:00.000,12-18,"Entrañas, PAULAH, Azulado, eÑe (1), Simón JaVa",CALENTURA
2026-04-10,SENSO NACHT,Sensorium,41,https://ra.co/events/2394135,2026-04-10T23:00:00.000,2026-04-11T08:00:00.000,18,"FIASKA, LOUPING, KASI (2)",Sensorium
2026-04-10,FREE ENTRY: LaPuta Records - Anniversary x B-Days,Bredouille,42,https://ra.co/events/2397336,2026-04-10T18:00:00.000,2026-04-11T04:00:00.000,0,"Daniel Jaramillo, DAZA, Culo Sucio, Sean Gonzalez, Sam Koh",LaPuta Records
2026-04-10,Subverted,TBA - Secret Location,44,https://ra.co/events/2321113,2026-04-10T23:00:00.000,2026-04-11T08:00:00.000,,"Mina Lord, Nnamael, YONG YING, ЖIWI, Nicki Black, Eve Schwarz, Fluid",Subverted
2026-04-10,Cursed - You Know Where You Are,TBA - Secret Location,36,https://ra.co/events/2402793,2026-04-10T23:00:00.000,2026-04-11T06:00:00.000,,,Cursed
2026-04-10,Let The Acid Move Your Body,Paloma,36,https://ra.co/events/2390876,2026-04-10T23:30:00.000,2026-04-11T08:00:00.000,,"Acidulant, Lazercat, Naks, whø? (2)",
2026-04-10,Jannowitz Records Showcase,Ritter Butzke,31,https://ra.co/events/2378605,2026-04-10T22:00:00.000,2026-04-11T07:00:00.000,,"BOHO, I Promised Mom, Miss Unleashed, NDNA, Stefan Muchte, The Reason Y","Ritter Butzke, UNDR"
2026-04-10,"LES MOCHES (Vogel-) HOUSE PARTY w. hannahconda b2b Manni Bleifuß, Kamil, MLC, fat lip",Klunkerkranich,31,https://ra.co/events/2402317,2026-04-10T16:00:00.000,2026-04-11T01:00:00.000,9,"hannahconda, Manni Bleifuß, fat lip",Klunkerkranich
2026-04-10,All My Friends Vol. 4,Beate Uwe,28,https://ra.co/events/2372144,2026-04-10T23:00:00.000,2026-04-11T08:00:00.000,,"ZE:NA, rauch, xtrra",All My Friends
2026-04-10,"SOULTRONIC: Mannyboy, Soundre, Jon BBE, Paulita",Bulbul Berlin,28,https://ra.co/events/2401028,2026-04-10T23:00:00.000,2026-04-11T06:00:00.000,€,"Mannyboy, Soundre, Paulita",
2026-04-10,SPEECHLESS X WKND w/ BOg & Pascale Voltaire,Weekend,28,https://ra.co/events/2369611,2026-04-10T22:00:00.000,2026-04-11T06:00:00.000,,"BOg, Pascale Voltaire, Vlad Yaki","technoleftmespeechless, WeekendPromoter"
2026-04-10,PYCHO Bday,KitKatClub,29,https://ra.co/events/2400804,2026-04-10T20:00:00.000,2026-04-11T07:00:00.000,25€,,Psychokitkatclub
2026-04-10,RAVAGÉE 3,Crack Bellmer,23,https://ra.co/events/2379801,2026-04-10T22:00:00.000,2026-04-11T06:00:00.000,,Camilla Rae,"Nicole M Pikole, CrackBellmer"
2026-04-10,TeKK Attack,Der Weiße Hase,23,https://ra.co/events/2384758,2026-04-10T23:00:00.000,2026-04-11T10:00:00.000,,"Chris Rinox, NIKO INCRAVALLE, Bisk",Der Weiße Hase
2026-04-10,Klubnacht + Afterhour,Golden Gate,24,https://ra.co/events/2399868,2026-04-10T23:59:00.000,2026-04-11T23:59:00.000,?,"ATTA (GER), Anderson (US), Edgar Peng, Ana Karla, Didier Dlb, Elli Altenberger, metaverde, Maximillion",Golden Gate
2026-04-10,Album Release Party – Oliver Koletzki '12' [Free entry],Stil vor Talent Store,24,https://ra.co/events/2412635,2026-04-10T17:00:00.000,2026-04-10T22:00:00.000,/,"Oliver Koletzki, Frida Darko, Nepomuk",SVT - Stil vor Talent
2026-04-10,Rome In Reverse / Noklan / Lemon Lights (Ambient Minimal Techno Idm),Urban Spree,21,https://ra.co/events/2362218,2026-04-10T22:30:00.000,2026-04-11T06:00:00.000,10,"Rome In Reverse, Noklan",Smallfish/Rome In Reverse
2026-04-10,Subverted x KLEM Dark Ambient Listening Event,TBA,21,https://ra.co/events/2382172,2026-04-10T19:00:00.000,2026-04-10T23:00:00.000,,"INVERNO, murderkinq",Subverted
2026-04-10,"VOID x VANTA.NYX V with ZÖ, Lisatrix, Naozou b2b KEULE, Kogo, Baraquz, Trippyverse",Void Club,22,https://ra.co/events/2393814,2026-04-10T23:00:00.000,2026-04-11T07:00:00.000,"10,00 - 15,00","ZÖ (1), Lisatrix, K.EULE, kogo.berlin, Trippyverse",VOID
2026-04-10,Tausend House: Scoopsi,Tausend,21,https://ra.co/events/2412958,2026-04-10T21:00:00.000,2026-04-11T03:00:00.000,,Scoopsi,
2026-04-10,"Stoic Music x Interstellar Audio with Cellar, Jinbu, Missgray, alfs, Zezalien, Initia",Void Hall,20,https://ra.co/events/2385836,2026-04-10T23:00:00.000,2026-04-11T07:00:00.000,"10,00 - 15,00","Cellar, alfs, Anton Quasi",VOID
2026-04-10,Partopreno #3,TBA - Secret Location,18,https://ra.co/events/2401329,2026-04-10T23:00:00.000,2026-04-11T09:00:00.000,10-12,"Alp.fX, Dea (6), Discount DJs, Paul Oh, fake maybach, Marina Semren",Partopreno
2026-04-10,Paloma Invites,Paloma,18,https://ra.co/events/2394992,2026-04-10T22:00:00.000,2026-04-11T06:00:00.000,,Nico Lahs,
2026-04-05,"manic.monday mit Leeroyyal, Fif, RX & Demar",Minimal Bar,15,https://ra.co/events/2388245,2026-04-05T18:00:00.000,2026-04-15T05:00:00.000,,"RX (1), Demar",mini.mal elektrokneipe
2026-04-10,Caprice Grand Opening,Mokka Mitte Bar / James Simon Park,15,https://ra.co/events/2388631,2026-04-10T20:00:00.000,2026-04-11T04:30:00.000,5,,Big City Events 
2026-04-10,House of House,Mena Berlin,12,https://ra.co/events/2405534,2026-04-10T22:00:00.000,2026-04-11T07:00:00.000,,"nasty (1), BBetriebswirt, Ecke & Hugo",Vorne-Links
2026-04-10,Glamourouge/ House & Disco Music,Prisma,10,https://ra.co/events/2397553,2026-04-10T22:00:00.000,2026-04-11T06:00:00.000,,"Acid.Foxy, Dj OmarO, Multifuse, Kataya",Glamourouge
2026-04-10,Disco Panini x Mom's Limousine Service,Mom's Limousine Service,10,https://ra.co/events/2400957,2026-04-10T22:00:00.000,2026-04-11T06:00:00.000,,"Enzo Cenci, Cronoselect, Jonny Wednesday, Fruxx",Disco Panini
2026-04-08,Sachsentrance Abriss Ski Tour im Zillertal,"TBA - Zillertal, Austria",11,https://ra.co/events/2407114,2026-04-08T09:00:00.000,2026-04-12T20:00:00.000,20-50,"Paraçek, A.N.I., The Jakob Sister, RaverPik, Sabu!, Lenny Fuck, DJ Buona Sara",Sachsentrance
2026-04-10,90er & 2000er Techno Classics,Top Disco,8,https://ra.co/events/2402925,2026-04-10T21:00:00.000,2026-04-11T04:00:00.000,"10,00","GHOST DE, Tombish","maik balke, KDN - KINDER DER NACHT"
2026-04-10,CLUB COSMIC,Sameheads,7,https://ra.co/events/2377165,2026-04-10T22:30:00.000,2026-04-11T08:00:00.000,,"Emil Doesn't Drive, Alexander Arpeggio",Sameheads
2026-04-10,Friday • Olsvangèr & Shira Kela,Orangerie Neukölln,6,https://ra.co/events/2408517,2026-04-10T21:00:00.000,2026-04-11T04:00:00.000,,"Olsvangèr, Shira Kela",Orangerie Neukölln
2026-04-10,DREAM SYNDICAT ❦ lofi . psych . shoegaze . noise pop,Ikii,6,https://ra.co/events/2410888,2026-04-10T19:00:00.000,2026-04-11T00:00:00.000,,Hilary C/B,
2026-04-10,K3LLR & DISCO ELECTRONICA present WLDV,Supamolly,6,https://ra.co/events/2388600,2026-04-10T22:00:00.000,2026-04-11T06:00:00.000,10,"WLDV, Electric Visionary",K3LLR
2026-04-10,Soul Garage - Bruk & House Special,"TBA - House of Rye, Am Flutgraben 2, 12435 Berlin",5,https://ra.co/events/2401538,2026-04-10T19:00:00.000,2026-04-11T02:00:00.000,10,"Allynx, Marian Tone",
2026-04-10,"Pynch (UK), Hollowfame",Loge.,4,https://ra.co/events/2375112,2026-04-10T20:00:00.000,2026-04-10T22:00:00.000,,,"Crunch Tapes, Positive Transmitter"
2026-04-10,bassabassa plays at migas,"migas, a listening bar",4,https://ra.co/events/2405452,2026-04-10T20:00:00.000,2026-04-10T23:00:00.000,,,
2026-04-07,Klubkneipe x Tuesday Ritual,Prisma,4,https://ra.co/events/2411064,2026-04-07T18:00:00.000,2026-04-12T02:00:00.000,0,,
2026-04-10,Süsser Freitag,Süss War Gestern,3,https://ra.co/events/2408921,2026-04-10T22:00:00.000,2026-04-11T06:00:00.000,12,"Gunnar Stiller, SvP",
2026-04-10,Eschschloraque Rümschrümp – oder: Die Kunst des Alterns. 31 Jahre Künstlerclub,Eschschloraque,2,https://ra.co/events/2400172,2026-04-10T20:00:00.000,2026-04-11T04:00:00.000,,Sheila Chipperfield,
2026-04-10,Ritmo de la Noche x ciao ciao Bar,ciao ciao Bar,2,https://ra.co/events/2413714,2026-04-10T21:00:00.000,2026-04-11T05:00:00.000,,"Carly Zeng, Francisco Nada",Ritmo de la Noche
2026-04-10,sturmfrei mit Oaky & maniac&me,Minimal Bar,1,https://ra.co/events/2384811,2026-04-10T18:00:00.000,2026-04-11T06:00:00.000,,"Oaky, maniac&me",mini.mal elektrokneipe
2026-04-10,Banger Sounds Friday,Soda Club,1,https://ra.co/events/2393488,2026-04-10T22:00:00.000,2026-04-11T06:00:00.000,15,,
2026-04-10,TIMEMACHINE,Dunckerclub,1,https://ra.co/events/2399515,2026-04-10T22:00:00.000,2026-04-11T04:30:00.000,,,
2026-04-10,La Kiffance,Maaya,1,https://ra.co/events/2403714,2026-04-10T23:00:00.000,2026-04-11T05:00:00.000,12,SANDER (FR),MAAYA
2026-04-10,CyberBay Night in Berlin,TBA,1,https://ra.co/events/2409664,2026-04-10T23:00:00.000,2026-04-11T08:00:00.000,,,
2026-04-10,Stimmen in Aspik - Die Schlager-Party,Hafenbar Berlin,0,https://ra.co/events/2391897,2026-04-10T21:00:00.000,2026-04-11T05:00:00.000,12 €,,
2026-04-11,"Climate x La Noche 24 hours: Alírio, Ehua b2b Beatrice M., Roza Terenzi",Backsteinboot,896,https://ra.co/events/2388047,2026-04-11T23:59:00.000,2026-04-12T23:59:00.000,,"Alírio, Beatrice M., Ehua, Bitter Babe, Byron Yeates, Chico Blanco, Roza Terenzi, S-candalo, THC, DHC","Climate of Fear, La Noche Party"
2026-04-11,Hoe__mies,OXI,559,https://ra.co/events/2334935,2026-04-11T23:00:00.000,2026-04-12T08:00:00.000,,"Bianca Oblivion, Meg10, Animistic Beliefs, ZOBAYDA, Alada, Sub Sahara, Miss T Delight",Hoe__mies
2026-04-11,Polar Inertia - Post Transmission,MaHalla,545,https://ra.co/events/2370823,2026-04-11T18:30:00.000,2026-04-12T00:00:00.000,18/25€,"A Strange Wedding, Cio D'Or, Woody92, Emily Jeanne, Jan Loup, Laima Adelaide, Mama Snake, Polar Inertia, Trois-Quarts Taxi System, Xenia Reaper",useless seconds
2026-04-11,HAKKE BERLIN X PRSPCT X SUBLAND 15 YEARS,Lokschuppen Berlin,489,https://ra.co/events/2331893,2026-04-11T23:00:00.000,2026-04-12T09:00:00.000,,"Hellfish, Krista Bourgeois, Tripped, Thrasher, THE RUKKUS, Ema Leo, Bollmann, Acriter, Dagobird, Der Schaffner, Dj Cvntface, Viscerale, DJ Steuerhinterziehung, LØUS, Barebone, Olmatri, FLUCC, Osiris (2), Sonair","Lokschuppen Berlin, PRSPCT, Gabber Industries Berlin, Subland Events"
2026-04-11,giegling in berlin,Haus der Visionäre,477,https://ra.co/events/2357275,2026-04-11T10:00:00.000,2026-04-12T00:00:00.000,,"Map.ache, Tobias., Edward, Leafar Legov, Cassy, Konstantin, Woody, Stella Zekri, Coco Maria, Millie McKee, Matthias Reiling, Strobocop, Ulla, Zoe Polanski, Lawrence, Cosmo (KR), Dragana, Ion Ludwig, Serenne","CDV, giegling, TWOHAPPY"
2026-04-11,Weltauswahl by Extrawelt,Ritter Butzke,358,https://ra.co/events/2222408,2026-04-11T22:00:00.000,2026-04-12T09:00:00.000,,"Ada, Extrawelt, Robag Wruhme",Ritter Butzke
2026-04-11,STAUB,://about blank,318,https://ra.co/events/2356725,2026-04-11T12:00:00.000,2026-04-11T23:00:00.000,,,MOMENTSFOREVER
2026-04-11,SHOKI INVITES - ROUND 1,Phantom Bar Berlin,270,https://ra.co/events/2389481,2026-04-11T22:00:00.000,2026-04-12T06:00:00.000,18,"Ojos de miel, DJ SEXSTASY, DJ Cringey, SHOKI287, L-AUX",Hyper Dreams
2026-04-11,"XTRUDE with Regal, Hadone, Bours?, Felicie and Sansibar",RSO.BERLIN,226,https://ra.co/events/2390211,2026-04-11T23:59:00.000,2026-04-13T08:00:00.000,,"Any Mello, Bours?, Félicie, GLIA, Hadone, Pernox, Regal, Vilchezz, LUXE, Sansibar, Sinéad",RSO.BERLIN
2026-04-11,"Slave To The Rave 41 - Badger, Carmen Electro, Julian Muller, Krl Mx, Teki Latex",OST,194,https://ra.co/events/2301231,2026-04-11T23:00:00.000,2026-04-12T11:00:00.000,,"ALIS., Carmen Electro, Julian Muller, Krl Mx, Teki Latex, 3Hertz, Badger (UK), Garage Girls, Scheibenwischer",Quest Agency
2026-04-11,Recycle: METALHEADZ Berlin feat. Goldie,Gretchen,184,https://ra.co/events/2377145,2026-04-11T23:59:00.000,2026-04-12T06:00:00.000,12/15/18/20,"Goldie, Loxy, Dirty Plates, Mc Jamie White, N.E.GIRL, Mc Urbano, VILIFY",Good Day Berlin Kultur und Veranstaltungen GmbH
2026-04-11,Klubnacht,Berghain | Panorama Bar | Säule,181,https://ra.co/events/2377328,2026-04-11T23:59:00.000,2026-04-13T06:00:00.000,,"Colin Benders, STERAC, Aöcram, Chami, Elisa Batti, Philippa Pacho, Setaoc Mass, Shinedoe, Anish Kumar, DJ Subaru, Fabian Garrido, Hiroko Yamamura, Partok, Sabine Hoffmann",OstGut GmbH
2026-04-11,KONTRAST // Spring Rooftop Session,Amano East-Side,153,https://ra.co/events/2392648,2026-04-11T16:00:00.000,2026-04-11T23:00:00.000,,"Dilby, Leah Marie, Esin, Andrea Chiovelli, Rune Steen",Kontrast Events
2026-04-11,Kater x 16 Years of N.o.N. Music,Kater,141,https://ra.co/events/2380922,2026-04-11T22:00:00.000,2026-04-13T00:00:00.000,,"Darren Emerson, Kotoe, Theus Mago, Ian Blevins, Mu dB, Terry Francis, The Pushamann, Maik Yells, Doreen, Franky Greiner, RAFAELO, Tobi Neumann, anahï, HRTML, Vero Standke",Kater
2026-04-11,Curiosity Pill 3 Years,TBA - Neukölln,138,https://ra.co/events/2360500,2026-04-11T23:00:00.000,2026-04-12T09:00:00.000,15,"DJ LOSER, Kobayashi Maru, instar, vp allowed",CuriosityPill
2026-04-11,SonnenKlang - 1 Year Anniversary - KlangKnospe 3FLOORS ,Void Club,128,https://ra.co/events/2394307,2026-04-11T23:00:00.000,2026-04-12T07:00:00.000,13-18€ ,"Bitschu Batschu, MRGNSTRN, bbymeister, EZA (DE), Louv, Lillie, MILANCHOLIE, DJ Lolo, e.leptic, Flohmarkt, Calcifer, STURM, MEKER, DJ Parabolspiegel, Un.Frieden, JASSEL",KlangKnospe 
2026-04-11,NOXYS: Elevare W/ Hanne B - AMO - Molly on Molly,Acud Macht NEU,116,https://ra.co/events/2396446,2026-04-11T23:00:00.000,2026-04-12T05:00:00.000,12,"Dr.Waumiau, Armaville, Hanne B, Amo (IT), mølly (on molly)",NOXYS
2026-04-11,Shameless II Anniversary,M01,116,https://ra.co/events/2362719,2026-04-11T23:00:00.000,2026-04-12T08:00:00.000,15,"PHLOXO, PyjamaMama, LUISELLE, zicke kuh, Bokaric, Jean Dean, Dj Marian, ESCALEA, DJ KAIDO, EZA (DE), bbymeister, Dj Sunflash, bouncy cat, E.T., e.leptic",Shameless_Berlin
2026-04-11,Tresor Klubnacht,Tresor / Globus,100,https://ra.co/events/2383027,2026-04-11T23:00:00.000,2026-04-12T12:00:00.000,22,"Ada Kaleh, EÒNAN, Nastya Vogan, VCO, CYRK, KIRSCH, Octave One",Tresor Club
2026-04-11,Hyperflow / Kling&Klang + Eurodance2000,ÆDEN,94,https://ra.co/events/2398364,2026-04-11T23:00:00.000,2026-04-12T06:00:00.000,"19,00","KLING&KLANG, Eurodance2000, Armin Hermann, DJ Henk, doppeltes lottchen, Felix Schall, DJ TIPSTER, Popsen",maik balke
2026-04-11,VRAU - QUEER BAILE FUNK,Lark,87,https://ra.co/events/2383713,2026-04-11T23:59:00.000,2026-04-12T06:30:00.000,,"Gabi Monteiro, _hiø, XD Erica",Vrau
2026-04-11,"Renate Klubnacht w/ DJ Pete, Vio PRG, Yuzo Iwate, hawi",Renate,74,https://ra.co/events/2364830,2026-04-11T23:00:00.000,2026-04-12T08:00:00.000,22,"Danté, DJ Pete, Livaton, hawi, Somme Farris, Yuzo Iwata, Ola Teks, Sanaz, Vio PRG",Renate Club
2026-04-11,Fever AM,OHM,61,https://ra.co/events/2381948,2026-04-11T23:59:00.000,2026-04-12T07:00:00.000,15,"Or:la, DJ JM, Mor Elian, Rhyw",
2026-04-10,TB10: Touching Bass meets SHUSH,TBA - Secret Location,61,https://ra.co/events/2380787,2026-04-10T18:00:00.000,2026-04-12T06:00:00.000,15-25,"D'Monk, Errol, Ken Okuda, Maxwell Owin, Naima Adams","Touching Bass, SHUSH"
2026-04-11,ENERGY FLASH,Mikropol,55,https://ra.co/events/2394988,2026-04-11T23:59:00.000,2026-04-12T07:00:00.000,13,"DEN!SE, gãl (SI), Session Restore, Toey Galaga, X-Visions",ENERGY FLASH Berlin
2026-04-11,Horsepower Club: All Grown Up,Crack Bellmer,68,https://ra.co/events/2402539,2026-04-11T19:00:00.000,2026-04-12T07:00:00.000,,"2727, Walodja, Supergross","Cheek, CrackBellmer"
2026-04-11,No Show,://about blank,50,https://ra.co/events/2357502,2026-04-11T23:00:00.000,2026-04-12T07:00:00.000,18,"a:tok, Kikimike, Lola Kay, Mila Stern, Milena Glowacka, Nadine Talakovics, s.ra",No Show
2026-04-11,Acid Reflux x Elicit at Fitzroy,Fitzroy,43,https://ra.co/events/2390210,2026-04-11T23:00:00.000,2026-04-12T07:00:00.000,15,"Kessler, Delta Division, Mathis Ruffing, N ska, Gościńska, Prieste5s","Elicit Records, AcidReflux"
2026-04-11,HardSleeper 硬卧,Sensorium,43,https://ra.co/events/2395470,2026-04-11T23:00:00.000,2026-04-12T08:00:00.000,15,"DotDash, Stom, nixmoon, Cocktail Twinks",Sensorium
2026-04-11,Beate Invites /// Dirty Doering & Friends,Beate Uwe,39,https://ra.co/events/2381552,2026-04-11T21:00:00.000,2026-04-12T08:00:00.000,,"Sunlast, Dirty Doering, AVA Irandoost, Niconé",
2026-04-11,"HAUSPARTY: Nikklaas, Lobo, vanagas, higgy, tomeitou",Bulbul Berlin,34,https://ra.co/events/2401036,2026-04-11T23:00:00.000,2026-04-12T06:00:00.000,€,"Nikklaas, Lobo (DE), vanagas, higgy (de), tomeitou",
2026-04-11,DISCO TO GO,Paloma,28,https://ra.co/events/2382987,2026-04-11T22:00:00.000,2026-04-12T06:00:00.000,,"Soundstream, Snow (DE)",Paloma Bar
2026-04-11,Lewie's Acid House ,Sameheads,26,https://ra.co/events/2389185,2026-04-11T22:30:00.000,2026-04-12T08:00:00.000,,"Tornado Wallace, Tia Cousins",Sameheads
2026-04-11,Kinktastisch! x THE CODE - Techno. Kink. Play,Insomnia,25,https://ra.co/events/2376119,2026-04-11T22:00:00.000,2026-04-12T06:00:00.000,30,"Inch of Shadow, Diana May, Darren Black",Kinktastisch
2026-04-11,homies v.a.001 - release party,Urban Spree,23,https://ra.co/events/2399041,2026-04-11T23:59:00.000,2026-04-12T08:00:00.000,8,"M4RY, Sveric, Cruxado","Urban Spree, homies"
2026-04-10,Klubnacht + Afterhour,Golden Gate,24,https://ra.co/events/2399868,2026-04-10T23:59:00.000,2026-04-11T23:59:00.000,?,"ATTA (GER), Anderson (US), Edgar Peng, Ana Karla, Didier Dlb, Elli Altenberger, metaverde, Maximillion",Golden Gate
2026-04-11,Tausend House: Spencer Parker,Tausend,24,https://ra.co/events/2406167,2026-04-11T21:00:00.000,2026-04-12T03:00:00.000,,Spencer Parker,
2026-04-11,r:nøcturn / RAW Techno,Der Weiße Hase,22,https://ra.co/events/2384947,2026-04-11T23:00:00.000,2026-04-12T11:00:00.000,,"Miss Kitchen, Daenell",Der Weiße Hase
2026-04-11,"BASS ISLAND (Season 2) w. VEB Elektrokunst, Haana Peony, Ele Luz, ZuendHoelz, TraumaMia, Mariko",Klunkerkranich,20,https://ra.co/events/2403428,2026-04-11T16:00:00.000,2026-04-12T03:00:00.000,9,"TraumaMia, VEB Elektrokunst, Ele Luz, Haana Peony",Klunkerkranich
2026-04-11,LIMAX - NAKED Electronic Dance Party,AMT,17,https://ra.co/events/2387738,2026-04-11T23:00:00.000,2026-04-12T06:30:00.000,25,,OM Consult Event GmbH_1
2026-04-11,Chimaera X SNACKY,"TBA - Ziegrastraße, Neukölln",17,https://ra.co/events/2408059,2026-04-11T23:00:00.000,2026-04-12T09:00:00.000,,"Francis FF, Elsa (CH), Marcel Koar, Tim Niwo",ChimaeraFestival
2026-04-11,wake & shake - Coffee Rave Berlin - Vol 2.0,Sabar,15,https://ra.co/events/2394154,2026-04-11T11:00:00.000,2026-04-11T17:00:00.000,5 € - 8 €,"NAIR (IN), Dj OmarO, Amed Nheiro",wake & shake
2026-04-11,INCEPTION with Z-CAT - 2 Floors - Goa & Techno,M-BIA,15,https://ra.co/events/2400763,2026-04-11T23:00:00.000,2026-04-12T08:00:00.000,,"Momentune, JOKI, Texo",M-BIA Event Promotion
2026-04-05,"manic.monday mit Leeroyyal, Fif, RX & Demar",Minimal Bar,15,https://ra.co/events/2388245,2026-04-05T18:00:00.000,2026-04-15T05:00:00.000,,"RX (1), Demar",mini.mal elektrokneipe
2026-04-11,"Piña Club Tour - Berlin: Anacalypto, Balearic Banana",arkaoda Berlin,13,https://ra.co/events/2393213,2026-04-11T23:00:00.000,2026-04-12T06:00:00.000,12,"Anacalypto, Balearic Banana, James Falco","Adventures Sanremo, arkaoda Berlin"
2026-04-11,BKxITRHxFTP: Bodin,TBA - secret Neukölln ,12,https://ra.co/events/2403614,2026-04-11T23:00:00.000,2026-04-12T10:00:00.000,.,"Bodin, Bunkereeno Kollektiv",Bunkereeno kollektiv
2026-04-11,Subtil,Hoppetosse,12,https://ra.co/events/2403750,2026-04-11T23:00:00.000,2026-04-12T09:00:00.000,,"Julian, Vendi, Alex Arapu, Nils Weimann, Martin Glowacz",CDV
2026-04-11,RESONANCE｜Späti Takeover - All Day Long -,"TBA - VIP Späti, Neukölln",12,https://ra.co/events/2411191,2026-04-11T15:00:00.000,2026-04-12T00:00:00.000,0,"Emilion Dollar Baby, FREEGO, Kazuki Takahashi, Zutri",RESONANCE.BERLIN
2026-04-11,ORIOL // plays at migas,"migas, a listening bar",10,https://ra.co/events/2405453,2026-04-11T20:00:00.000,2026-04-11T23:00:00.000,,ORIOL //,
2026-04-08,Sachsentrance Abriss Ski Tour im Zillertal,"TBA - Zillertal, Austria",11,https://ra.co/events/2407114,2026-04-08T09:00:00.000,2026-04-12T20:00:00.000,20-50,"Paraçek, A.N.I., The Jakob Sister, RaverPik, Sabu!, Lenny Fuck, DJ Buona Sara",Sachsentrance
2026-04-11,FASE 0.3 (Teaser),TBA - JK ,7,https://ra.co/events/2401436,2026-04-11T22:00:00.000,2026-04-12T08:00:00.000,20€,"Balou (3), Draco Dark, Jemski., Stella Stellar, Yannick Weineck",FASE
2026-04-11,The Finest,Paloma,7,https://ra.co/events/2402324,2026-04-11T22:00:00.000,2026-04-12T07:30:00.000,,"Stamina (DE), not even noticed, Wall Ra, Carl Hang",
2026-04-11,"Pulso: Chuki Juri x Nacho Carbajal, Flor Coto x Szew & No Silver Bullet x Santi Calvo",Marmorbar,8,https://ra.co/events/2407446,2026-04-11T22:00:00.000,2026-04-12T05:00:00.000,,"Chuki Juri, Nacho Carbajal, Flor Coto, Szew, No Silver Bullet, Santi Calvo","9th Floor, Reboot Record Label, Pulso"
2026-04-11,Act like Adults,Lokschuppen Berlin,7,https://ra.co/events/2410633,2026-04-11T23:00:00.000,2026-04-12T06:00:00.000,,,
2026-04-11,Marcos Morau: Wunderkammer / Staatsballett Berlin,Komische Oper Berlin - Schillertheater,6,https://ra.co/events/2295038,2026-04-11T19:30:00.000,2026-04-11T21:00:00.000,30-98€,,Staatsballett Berlin
2026-04-11,Highly Addictive,Golden Gate,9,https://ra.co/events/2399870,2026-04-11T23:59:00.000,2026-04-12T15:00:00.000,?,"Gunnar Stiller, Haito, July (1), Slurm McKenzie",Golden Gate
2026-04-11,BKxITRHxFTP: In-store,Kimchi Records,5,https://ra.co/events/2409199,2026-04-11T16:00:00.000,2026-04-11T21:00:00.000,0,"Just1, Joohin, Bunkereeno Kollektiv",Bunkereeno kollektiv
2026-04-11,transCULT by Babylon Orchestra feat. Nesrine & Momo Djender,MONOM,4,https://ra.co/events/2379326,2026-04-11T16:00:00.000,2026-04-11T23:00:00.000,21,,MONOM
2026-04-11,Süsser Samstag,Süss War Gestern,4,https://ra.co/events/2408923,2026-04-11T22:00:00.000,2026-04-12T06:00:00.000,12,"Thomas Haak, Soulski, Dydaa Forne, Nat SuPrise",
2026-04-07,Klubkneipe x Tuesday Ritual,Prisma,4,https://ra.co/events/2411064,2026-04-07T18:00:00.000,2026-04-12T02:00:00.000,0,,
2026-04-11,Grinsen,Promenaden Eck,4,https://ra.co/events/2396270,2026-04-11T21:00:00.000,2026-04-12T06:00:00.000,,"Bin Okin, Sam Meier, Salvo Salvatore","Klangkost, Grinsen"
2026-04-11,FrontRow,The Door Club,3,https://ra.co/events/2140529,2026-04-11T23:00:00.000,2026-04-12T04:00:00.000,15,,FrontRow
2026-04-11,friends.zone mit Mario Lauriano & Friends,Minimal Bar,3,https://ra.co/events/2384817,2026-04-11T18:00:00.000,2026-04-12T06:00:00.000,,Mario Lauriano,mini.mal elektrokneipe
2026-04-11,ENGTANZ,Festsaal Kreuzberg,3,https://ra.co/events/2405727,2026-04-11T22:00:00.000,2026-04-12T06:00:00.000,23,"Moodrich, Master Bedroom","Picknick, Festsaal Kreuzberg, Engtanz"
2026-04-11,Reflected Radio [REC001],P61 Gallery,3,https://ra.co/events/2409888,2026-04-11T19:00:00.000,2026-04-12T00:00:00.000,0,,Reflected Radio
2026-04-11,MEGA *live,Gretchen,2,https://ra.co/events/2341789,2026-04-11T19:30:00.000,2026-04-11T23:00:00.000,12/18/22 +,,Good Day Berlin Kultur und Veranstaltungen GmbH
2026-04-11,biegungen im Ausland: MARIA BERTEL / FARIDA AMADOU & EGON WOLFSON,Ausland,2,https://ra.co/events/2351251,2026-04-11T20:00:00.000,2026-04-11T23:59:00.000,"10,- €",,bgngn
2026-04-11,Just Emma,Ritter Butzke,2,https://ra.co/events/2402472,2026-04-11T22:00:00.000,2026-04-12T07:00:00.000,,"Just Emma, AVANT",Ritter Butzke
2026-04-11,Saturdays::,Club der Visionaere,2,https://ra.co/events/2413575,2026-04-11T12:00:00.000,2026-04-12T02:00:00.000,,"Maki Polne, Suburbial",CDV
2026-04-11,45 Corner,Cocktailbar 45°,1,https://ra.co/events/2410228,2026-04-11T22:00:00.000,2026-04-12T04:00:00.000,,,
2026-04-11,Käptens Club Party - Disco pur,Hafenbar Berlin,0,https://ra.co/events/2391901,2026-04-11T21:00:00.000,2026-04-12T05:00:00.000,12 €,,
2026-04-11,Banger Sounds Saturday,Soda Club,0,https://ra.co/events/2393499,2026-04-11T22:00:00.000,2026-04-12T06:00:00.000,15,,
2026-04-11,Independent Tanzmusik,Dunckerclub,0,https://ra.co/events/2399516,2026-04-11T22:00:00.000,2026-04-12T05:00:00.000,,,
2026-04-11,May 1st,TBA - Secret Location,0,https://ra.co/events/2411487,2026-04-11T20:00:00.000,2026-04-12T06:00:00.000,5,,
2026-04-11,:Arctic groove connections:,Keith Bar,0,https://ra.co/events/2411874,2026-04-11T22:00:00.000,2026-04-12T03:00:00.000,0,"Robert Kalb, Steve Blom",
2026-04-11,Traumwelt (Dreamworld) Performance,TBA,0,https://ra.co/events/2412986,2026-04-11T19:00:00.000,2026-04-11T23:00:00.000,25,,
2026-04-11,Diggin' Deep,L.U.X.,0,https://ra.co/events/2413325,2026-04-11T22:00:00.000,2026-04-12T06:00:00.000,1€,,
2026-04-11,Urban Heat,Zita Club&bar,0,https://ra.co/events/2413386,2026-04-11T21:00:00.000,2026-04-12T04:00:00.000,10,,Zita Club
2026-04-11,OBXENE,ÆDEN,0,https://ra.co/events/2413599,2026-04-11T23:00:00.000,2026-04-12T06:00:00.000,,,
2026-04-11,"K Radio, Live Sessions",TBA,0,https://ra.co/events/2414050,2026-04-11T23:00:00.000,2026-04-12T06:00:00.000,0,,
2026-04-11,"Climate x La Noche 24 hours: Alírio, Ehua b2b Beatrice M., Roza Terenzi",Backsteinboot,897,https://ra.co/events/2388047,2026-04-11T23:59:00.000,2026-04-12T23:59:00.000,,"Alírio, Beatrice M., Ehua, Bitter Babe, Byron Yeates, Chico Blanco, Roza Terenzi, S-candalo, THC, DHC","Climate of Fear, La Noche Party"
2026-04-11,"XTRUDE with Regal, Hadone, Bours?, Felicie and Sansibar",RSO.BERLIN,226,https://ra.co/events/2390211,2026-04-11T23:59:00.000,2026-04-13T08:00:00.000,,"Any Mello, Bours?, Félicie, GLIA, Hadone, Pernox, Regal, Vilchezz, LUXE, Sansibar, Sinéad",RSO.BERLIN
2026-04-12,Midnight in Anatolia:Turkish Night,ÆDEN,223,https://ra.co/events/2406005,2026-04-12T22:00:00.000,2026-04-13T04:00:00.000,,"EGE363, Vlamassi, Yigit Bulut",MIABerlinn
2026-04-11,Klubnacht,Berghain | Panorama Bar | Säule,181,https://ra.co/events/2377328,2026-04-11T23:59:00.000,2026-04-13T06:00:00.000,,"Colin Benders, STERAC, Aöcram, Chami, Elisa Batti, Philippa Pacho, Setaoc Mass, Shinedoe, Anish Kumar, DJ Subaru, Fabian Garrido, Hiroko Yamamura, Partok, Sabine Hoffmann",OstGut GmbH
2026-04-11,Kater x 16 Years of N.o.N. Music,Kater,141,https://ra.co/events/2380922,2026-04-11T22:00:00.000,2026-04-13T00:00:00.000,,"Darren Emerson, Kotoe, Theus Mago, Ian Blevins, Mu dB, Terry Francis, The Pushamann, Maik Yells, Doreen, Franky Greiner, RAFAELO, Tobi Neumann, anahï, HRTML, Vero Standke",Kater
2026-04-12,LA YEGROS - Electric Trio *live,Gretchen,76,https://ra.co/events/2323070,2026-04-12T19:30:00.000,2026-04-12T23:00:00.000,12/18/24+,,Good Day Berlin Kultur und Veranstaltungen GmbH
2026-04-12,wieder: BOILER ROOM SETUP + MARKETPLACE,Lokschuppen Berlin,70,https://ra.co/events/2402590,2026-04-12T21:00:00.000,2026-04-13T04:30:00.000,0-5-10,"SALCHIKILLER, Louchi, La Rod's","Lokschuppen Berlin, wieder.bln"
2026-04-12,"ESTRO with Aural, Blenk, Lawrence Kurt, Raymond V",Crack Bellmer,52,https://ra.co/events/2391640,2026-04-12T15:00:00.000,2026-04-12T23:59:00.000,,"Aural Plant Sonification, Blenk, Lawrence Kurt, Raymond V","Crack Bellmer, ESTROBERLIN"
2026-04-12,Gentle Reminder,Paloma,42,https://ra.co/events/2373081,2026-04-12T16:00:00.000,2026-04-13T01:00:00.000,12-15€,"Jo Bubbles, Alison Swing, Gag Reflex, Bézier",Bézier
2026-04-12,NEON TIDES 2,Badehaus Berlin,36,https://ra.co/events/2393763,2026-04-12T14:00:00.000,2026-04-12T22:00:00.000,15€,"Jus-Ed, Joshua Tree, ZANDØLY, ZentaSkai",Mask Records Berlin
2026-04-12,PONGHOUSE,TBA - Baergarten,50,https://ra.co/events/2393828,2026-04-12T13:00:00.000,2026-04-12T22:00:00.000,,"Jens Schwan, Hanebüchener",Rufus
2026-04-12,SEKTFRÜHSTÜCK,AMT,27,https://ra.co/events/2402433,2026-04-12T12:00:00.000,2026-04-12T22:00:00.000,5€,,AMT
2026-04-12,lazy.sunday mit Sciarada !FREE ENTRY,Minimal Bar,23,https://ra.co/events/2384818,2026-04-12T18:00:00.000,2026-04-13T04:00:00.000,,Sciarada,mini.mal elektrokneipe
2026-04-12,Raumvier Birthday Special,Prisma,23,https://ra.co/events/2390668,2026-04-12T17:00:00.000,2026-04-13T03:00:00.000,"0,-","Der Würfler, Gaya Kloud, Wow!signal, Dj Iryna, Erosive, DJ Aybee",Raumvier
2026-04-12,"Beate Barfuß /// Lika, thea & Schtu, Saraabb (live), Just Emma",Beate Uwe,19,https://ra.co/events/2397608,2026-04-12T19:00:00.000,2026-04-13T04:00:00.000,,"thea, Schtu, Saraabb, Just Emma",
2026-04-05,"manic.monday mit Leeroyyal, Fif, RX & Demar",Minimal Bar,15,https://ra.co/events/2388245,2026-04-05T18:00:00.000,2026-04-15T05:00:00.000,,"RX (1), Demar",mini.mal elektrokneipe
2026-04-12,Sundaze goes to Berlin,TBA,14,https://ra.co/events/2407094,2026-04-12T11:00:00.000,2026-04-13T03:00:00.000,15,"Dana Kuehr, DJ Rino, Innuendo, Islas, LEGRAM VG, Mandana, Paulo Sea, Penelope (2), Poppy (BE), Sixsixsixties",Sundaze
2026-04-08,Sachsentrance Abriss Ski Tour im Zillertal,"TBA - Zillertal, Austria",11,https://ra.co/events/2407114,2026-04-08T09:00:00.000,2026-04-12T20:00:00.000,20-50,"Paraçek, A.N.I., The Jakob Sister, RaverPik, Sabu!, Lenny Fuck, DJ Buona Sara",Sachsentrance
2026-04-12,Sound Journey Sunday 2 by Emotional Support Dog,Ikii,4,https://ra.co/events/2411319,2026-04-12T12:00:00.000,2026-04-12T20:00:00.000,,"Elli.on, vico, Stevo Bajski","ikii, Emotional Support Dog"
2026-04-12,Klubkneipe House Cats,Prisma,1,https://ra.co/events/2399173,2026-04-12T18:00:00.000,2026-04-13T02:00:00.000,0,,
2026-04-12,"Berlin Bruisers Fundraiser, Pt 2",TBA - Secret Location,1,https://ra.co/events/2402914,2026-04-12T15:00:00.000,2026-04-12T21:00:00.000,10-20,,Berlin Bruisers
2026-04-12,Fundraiser für den Libanon,Queens Palace,1,https://ra.co/events/2411372,2026-04-12T18:00:00.000,2026-04-12T23:00:00.000,10,Sherryaeri,
2026-04-12,Congee Rats' Clinic Release,arkaoda Berlin,1,https://ra.co/events/2409468,2026-04-12T19:30:00.000,2026-04-12T23:59:00.000,15,Dong Zhou,Dong Zhou
2026-04-13,◥◣SINGULARITY◥◣,Tresor / Globus,83,https://ra.co/events/2401501,2026-04-13T23:00:00.000,2026-04-14T08:00:00.000,,"Marcel Fengler, GAEL, Inverse Element, Azaria Marz","Tresor Club, singularity.bln"
2026-04-13,Electric Monday@Kitkat,KitKatClub,23,https://ra.co/events/2377051,2026-04-13T22:00:00.000,2026-04-14T06:00:00.000,,"Local Suicide, Daya Pruna, Frankie Flowerz",Electric Monday
2026-04-13,GHOST FUNK ORCHESTRA *live,Gretchen,22,https://ra.co/events/2239720,2026-04-13T19:30:00.000,2026-04-13T23:00:00.000,12/18/24+,,Good Day Berlin Kultur und Veranstaltungen GmbH
2026-04-05,"manic.monday mit Leeroyyal, Fif, RX & Demar",Minimal Bar,15,https://ra.co/events/2388245,2026-04-05T18:00:00.000,2026-04-15T05:00:00.000,,"RX (1), Demar",mini.mal elektrokneipe
2026-04-13,manic.monday mit Gui Zellermayer !FREE ENTRY,Minimal Bar,1,https://ra.co/events/2388247,2026-04-13T18:00:00.000,2026-04-14T04:00:00.000,,Gui Zellermayer,mini.mal elektrokneipe
2026-04-13,Dark Monday,Dunckerclub,1,https://ra.co/events/2399507,2026-04-13T22:00:00.000,2026-04-14T04:00:00.000,,,
2026-04-14,✦encore.une.fois✦ / TUESDAY TECHNO RAVE,OXI,124,https://ra.co/events/2401531,2026-04-14T23:00:00.000,2026-04-15T08:00:00.000,,"Stanislav Tolkachev, SORAYA*, MARC VALL, JenTen",euf-berlin
2026-04-14,Smash & HART ◢◤ Tuesday Rave [free entry until midnight*],Der Weiße Hase,64,https://ra.co/events/2376747,2026-04-14T23:00:00.000,2026-04-15T07:30:00.000,*,"Felix Reichelt, Cat Vermillion","Der Weiße Hase, HART_Bln"
2026-04-14,THE UNKNOWN (𝘍𝘙𝘌𝘌 𝘌𝘕𝘛𝘙𝘠 𝘜𝘕𝘛𝘐𝘓 22:00 ⟶ 𝘋𝘖𝘕𝘈𝘛𝘐𝘖𝘕-𝘉𝘈𝘚𝘌𝘋 𝘈𝘍𝘛𝘌𝘙),Süss War Gestern,21,https://ra.co/events/2406508,2026-04-14T19:00:00.000,2026-04-15T02:00:00.000,,Subassi,
2026-04-05,"manic.monday mit Leeroyyal, Fif, RX & Demar",Minimal Bar,15,https://ra.co/events/2388245,2026-04-05T18:00:00.000,2026-04-15T05:00:00.000,,"RX (1), Demar",mini.mal elektrokneipe
2026-04-14,SYNESTRANSIA at Kwia,.,13,https://ra.co/events/2407033,2026-04-14T20:00:00.000,2026-04-15T01:00:00.000,10,"Rafush, Gadutra, Sub Sahara, DJ Trade Trainer, MADAKYA",Miguel Wilson
2026-04-14,Crack Cloud + The Daniel Saunders Experiment,Silent Green,6,https://ra.co/events/2327170,2026-04-14T20:00:00.000,2026-04-14T22:00:00.000,24.83€,,
2026-04-14,Open Decks & Tischtennis,Humboldthain Club,6,https://ra.co/events/2369069,2026-04-14T18:00:00.000,2026-04-15T04:00:00.000,,,Humboldthain
2026-04-14,THE OFFLINE *live,Gretchen,4,https://ra.co/events/2287261,2026-04-14T19:30:00.000,2026-04-14T23:00:00.000,12/18/24+,,Good Day Berlin Kultur und Veranstaltungen GmbH
2026-04-14,Corvo Records pres. Alessandra Eramo + Matto Zoppi + Zeynep Ayşe Hatipoğlu,Silent Green,2,https://ra.co/events/2396182,2026-04-14T20:00:00.000,2026-04-14T22:00:00.000,"16,94€",,silent green
2026-04-14,RADAЯ Experimental Live Sessions / KAREN CHALCO,Bardo Projektraum,1,https://ra.co/events/2332204,2026-04-14T20:00:00.000,2026-04-14T22:00:00.000,6€ -12€,,RADAR Experimental
2026-04-14,go.play mit Flip Marlou. & Melihsub !FREE ENTRY,Minimal Bar,1,https://ra.co/events/2388248,2026-04-14T18:00:00.000,2026-04-15T04:00:00.000,,,mini.mal elektrokneipe
2026-04-14,Around The Körner with Blossom Hill,Orangerie Neukölln,1,https://ra.co/events/2400636,2026-04-14T20:00:00.000,2026-04-14T23:30:00.000,,Blossom Hill,Orangerie Neukölln
2026-04-14,Klubkneipe x Tuesday Ritual,Prisma,0,https://ra.co/events/2411067,2026-04-14T18:00:00.000,2026-04-15T02:00:00.000,0,"Martinii, DJoy, Khmgnff",
2026-04-15,KORRUPT 1111,Studio1111,190,https://ra.co/events/2396116,2026-04-15T21:00:00.000,2026-04-16T04:00:00.000,15,"SATYS FYRE, Blck-Swan, H7 (3), The Kiss, Benua","Blck Swan, Korrupt Berlin"
2026-04-15,"SIGNALS - 5€ Tickets - with FJUSHA, Laurix & Tom Forelli",Lokschuppen Berlin,156,https://ra.co/events/2351929,2026-04-15T23:00:00.000,2026-04-16T06:00:00.000,5,"FJUSHA, LAURIX (DE), Tom Forelli","Lokschuppen Berlin, SIGNALSBERLINEVENT"
2026-04-15,Seedj presents: 'A Day Behind the Scenes',arkaoda Berlin,65,https://ra.co/events/2405790,2026-04-15T13:00:00.000,2026-04-15T23:00:00.000,15€-60€,"Amanda Mussi, Quelza, Thomas Hoffmann",Seedj
2026-04-15,TECHNO MITTWOCH: TAKE YOUR FREE TICKET ,Sensorium,54,https://ra.co/events/2389077,2026-04-15T23:00:00.000,2026-04-16T08:00:00.000,12,"PETDuo, Li'anni, Pain.Ctrl, Florens F.",Sensorium
2026-04-15,U10247: The DNA of robot dreams (feat maniac&me and Ian Maur) FREE ENTRY,Minimal Bar,26,https://ra.co/events/2384821,2026-04-15T18:00:00.000,2026-04-16T04:00:00.000,,"maniac&me, Ian Maur",mini.mal elektrokneipe
2026-04-15,Tausend Live: Sado Opera,Tausend,23,https://ra.co/events/2405705,2026-04-15T20:00:00.000,2026-04-16T03:00:00.000,15,Sado Opera,
2026-04-15,Tresor New Faces hosted by End of Perception,Tresor / Globus,11,https://ra.co/events/2383029,2026-04-15T23:00:00.000,2026-04-16T08:00:00.000,13,"Lemarie, Niktech, su01, Miss Italia",Tresor Club
2026-04-15,SYMBIOTIKKA at KitKat Club,KitKatClub,11,https://ra.co/events/2399979,2026-04-15T22:00:00.000,2026-04-16T06:00:00.000,"25,-","Tommahawk, DJ Jordan, Anubix, Sin:port",Symbiotikka / Too Much Entertainment
2026-04-15,ＬＩＬＩＴＨ✦ LIMITED 5€ TICKETS ✦,ÆDEN,6,https://ra.co/events/2400286,2026-04-15T23:00:00.000,2026-04-16T08:00:00.000,,,Lilith
2026-04-15,OCD: Outlast. Charm. Daze,Mom's Limousine Service,6,https://ra.co/events/2409570,2026-04-15T22:00:00.000,2026-04-16T07:00:00.000,,"IZZA (SI), Nonnus, SNYL",OCD
2026-04-15,"Cavolo Nero (NL), Ela Sdayoor",Kulturhaus Insel,4,https://ra.co/events/2374430,2026-04-15T20:00:00.000,2026-04-15T23:00:00.000,,,"Crunch Tapes, Positive Transmitter"
2026-04-15,Hasfeldt presents 'Play Me Like One of the Others',"TBA - Hasfeldt presents ""Play Me Like One of the Others""",1,https://ra.co/events/2379433,2026-04-15T20:00:00.000,2026-04-16T02:00:00.000,,"Hasfeldt, Ryong, baby ganoush",Hasfeldt
2026-04-15,OPEN DECKS FOR FLINTA - PING PONG FOR ALL,Crack Bellmer,1,https://ra.co/events/2400500,2026-04-15T19:00:00.000,2026-04-16T03:00:00.000,2,,CrackBellmer
2026-04-15,IVY - LIVE IN CONCERT - Berlin,Junction Bar,1,https://ra.co/events/2405487,2026-04-15T19:30:00.000,2026-04-15T22:00:00.000,"12,00",,
2026-04-15,Searching For Colors [Qeone] - Album Listening Event,Ikii,1,https://ra.co/events/2412505,2026-04-15T18:30:00.000,2026-04-15T23:00:00.000,0,"Scibor, jay york",
2026-04-15,Berlin Kink,Insomnia,0,https://ra.co/events/2391369,2026-04-15T20:00:00.000,2026-04-16T02:00:00.000,25,,InsomniaBerlin
2026-04-15,PingPongPremiere! Die HamburgConnection,Eschschloraque,0,https://ra.co/events/2394975,2026-04-15T21:00:00.000,2026-04-16T04:00:00.000,,MissVergnügen,
2026-04-15,PUSH PLAY KINKY SERIES//THE APPLE EDITION,Mena Berlin,1,https://ra.co/events/2402015,2026-04-15T23:00:00.000,2026-04-16T06:00:00.000,10,,Push Play Erotics
2026-04-15,"Effetto Notte x Torte w/ Ultraviolet (live), Xhib, Hanzel",TORTE BAR,0,https://ra.co/events/2411227,2026-04-15T19:00:00.000,2026-04-16T01:00:00.000,0,Xhib,Effetto Notte
2026-04-15,Heads Radio 192 with Cyan Pac LIVE,Sameheads,0,https://ra.co/events/2413267,2026-04-15T20:00:00.000,2026-04-15T23:00:00.000,,,Sameheads
2026-04-15,YSY Wendesday Jazz,YSY,0,https://ra.co/events/2413562,2026-04-15T19:30:00.000,2026-04-15T22:00:00.000,0€,,Johann Greve
2026-04-16,UNITY AT KITKAT CLUB,KitKatClub,140,https://ra.co/events/2343588,2026-04-16T22:00:00.000,2026-04-17T07:00:00.000,,"Cobb Douglas, MSKD, DJ Primitivo",UNITYBERLIN
2026-04-16,Amsterdam Techno Records and OXI on Thursday's [Amsterdam and Berlin],OXI,136,https://ra.co/events/2335439,2026-04-16T23:00:00.000,2026-04-17T07:00:00.000,"€11,30 - €16,90","Elis, UniKhatu, CLEMSON, TAKT130, GLASSBASS","OXI Events, Amsterdam Techno Records"
2026-04-16,SKINSHAPE *live,Metropol,115,https://ra.co/events/2159896,2026-04-16T19:30:00.000,2026-04-16T23:00:00.000,20/32 +,,Good Day Berlin Kultur und Veranstaltungen GmbH
2026-04-16,404,://about blank,73,https://ra.co/events/2362290,2026-04-16T21:30:00.000,2026-04-17T05:00:00.000,25,"Mia Mangata, Miss Unleashed, NDNA",Kink-Y 
2026-04-16,Oli XL & Valeria Litvakov + berlinangst ,Silent Green,47,https://ra.co/events/2346850,2026-04-16T20:00:00.000,2026-04-16T22:00:00.000,21.31€,"Oli XL, Valeria Litvakov",
2026-04-16,"House of Others (Vol.8): Anaté, Organza, materia hache",Bulbul Berlin,35,https://ra.co/events/2401040,2026-04-16T23:00:00.000,2026-04-17T04:00:00.000,€,"Anaté, Organza, materia hache",Others To The Front
2026-04-16,SÄULE,Berghain | Panorama Bar | Säule,31,https://ra.co/events/2377330,2026-04-16T22:00:00.000,2026-04-17T04:00:00.000,,"DINA, Hara Katsiki, Human Space Machine",OstGut GmbH
2026-04-16,Appendix.files Label Night*,Paloma,29,https://ra.co/events/2381432,2026-04-16T22:00:00.000,2026-04-17T04:00:00.000,,"DJ Strawberry, Reinartz, King Softy",Appendix.files
2026-04-16,Astrantia Extralis,Sameheads,28,https://ra.co/events/2408003,2026-04-16T21:00:00.000,2026-04-17T05:00:00.000,,"Volruptus, sleeptwitch, Goody (1), Linnea Mae",Sameheads
2026-04-16,Tausend Electronica: Ligal Tamir,Tausend,20,https://ra.co/events/2413016,2026-04-16T21:00:00.000,2026-04-17T03:00:00.000,,Ligal Tamir,TausendElectronica
2026-04-16,THE UNKNOWN (𝘍𝘙𝘌𝘌 𝘌𝘕𝘛𝘙𝘠 𝘜𝘕𝘛𝘐𝘓 22:00 ⟶ 𝘋𝘖𝘕𝘈𝘛𝘐𝘖𝘕-𝘉𝘈𝘚𝘌𝘋 𝘈𝘍𝘛𝘌𝘙),Zu Mir Oder Zu Dir,19,https://ra.co/events/2406500,2026-04-16T19:00:00.000,2026-04-17T02:00:00.000,,Dicso_Muzek,
2026-04-16,Renate Klubnacht with Lush Lab,Renate,18,https://ra.co/events/2400142,2026-04-16T23:00:00.000,2026-04-17T06:00:00.000,,"Kenzo Sone, Lush Lab, Olsvangèr, Tschini",Renate Club
2026-04-16,Matt Elliott — Live at the church,Start.Bahn - Genezarethkirche,16,https://ra.co/events/2341116,2026-04-16T20:00:00.000,2026-04-16T22:00:00.000,,,"Crunch Tapes, Positive Transmitter"
2026-04-16,Mucho Disco,Crack Bellmer,13,https://ra.co/events/2385437,2026-04-16T21:00:00.000,2026-04-17T06:00:00.000,,,"CrackBellmer, Brian Ring"
2026-04-16,GRAVITATIONAL WAVES X KRI RECORDS,arkaoda Berlin,12,https://ra.co/events/2374877,2026-04-16T21:00:00.000,2026-04-17T05:00:00.000,13,"Alice in Flames, Karolina Bnv, Dj Nephil, Mule Driver, muLe, Mike Tansella Jr., Lavka, Schrauff",
2026-04-16,BUTO BAYANG: ENNIO – 'Gairah Manis' EP Release Party ,Phantom Bar Berlin,11,https://ra.co/events/2407012,2026-04-16T21:00:00.000,2026-04-17T06:00:00.000,,"ENNIO, HAMY, Mama Yha Yha, SANTANA",BUTO BAYANG
2026-04-16,"ALTART press Oran Ray, Rocco.fx, BinaryBoy, Hen & Juan Hang",Studio dB,14,https://ra.co/events/2402543,2026-04-16T18:00:00.000,2026-04-16T23:00:00.000,15,Rocco.fx,"Out Recs, Clixx Records"
2026-04-16,ORTHODOX,90mil,9,https://ra.co/events/2409743,2026-04-16T21:00:00.000,2026-04-17T02:00:00.000,,"Yves B Golden, Amore Marco, Jealous Orgasm",90mil
2026-04-16,"No_Stone: Circles 4 w/ Abigail Toll (live), Rabih Beaini, Assyouti",Bar Neun,9,https://ra.co/events/2411095,2026-04-16T21:00:00.000,2026-04-17T02:00:00.000,,"Rabih Beaini, Assyouti","No_Stone, Bar Neun"
2026-04-16,ZEL,OHM,9,https://ra.co/events/2387291,2026-04-16T22:00:00.000,2026-04-17T06:00:00.000,5 / 12,"Aton, Basse Frequenze Soundsystem, Kamyar Keramati, OTIS (3), Francesco Salvadori",
2026-04-16,Savory - Techno Every Thursday,OST,6,https://ra.co/events/2398255,2026-04-16T23:00:00.000,2026-04-17T06:00:00.000,,"Amo (IT), Bruno Brero, Pixie Dust, WAN.1",OST 
2026-04-16,Hidden Variables,Golden Gate,5,https://ra.co/events/2399871,2026-04-16T23:59:00.000,2026-04-17T12:00:00.000,?,"Colossio, DJ ZBB, Farry",Golden Gate
2026-04-16,Chantal's House of Shame,Lokschuppen Berlin,4,https://ra.co/events/2402623,2026-04-16T23:00:00.000,2026-04-17T06:00:00.000,,,Lokschuppen Berlin
2026-04-16,"RBL RADIO x Klunkerkranich w. Tiziano C, Afida b2b Matte DTR, Make It Big, LCAO",Klunkerkranich,4,https://ra.co/events/2408021,2026-04-16T16:00:00.000,2026-04-17T01:00:00.000,9,Tiziano C,Klunkerkranich
2026-04-16,"Electric Baile in Lauschangriff (Italo Disco, Euro Disco, Hi-NRG, Nu Disco, Synth Pop)",Lauschangriff,3,https://ra.co/events/2411371,2026-04-16T20:00:00.000,2026-04-17T02:00:00.000,0,"Robot Girl, Lancer (2), Marko König",
2026-04-16,Sssmile Afterhour,Prisma,2,https://ra.co/events/2398976,2026-04-16T06:00:00.000,2026-04-16T13:00:00.000,0,"LeoSkiDj, Mia Mangata",Symbiotikka / Too Much Entertainment
2026-04-16,STRAFF – Thursday Techno / 5€ before 1 AM,Der Weiße Hase,2,https://ra.co/events/2406522,2026-04-16T23:00:00.000,2026-04-17T08:00:00.000,,Bisk,Der Weiße Hase
2026-04-16,electronic.thursday mit Francis Dhuit,Minimal Bar,1,https://ra.co/events/2384825,2026-04-16T18:00:00.000,2026-04-17T05:00:00.000,,Francis Dhuit,mini.mal elektrokneipe
2026-04-16,"PHALLUCIPHER, LYCURGUS & Zorz live at Gaswerk Music Concerts / Block1 Berlin",Block1,1,https://ra.co/events/2397408,2026-04-16T20:00:00.000,2026-04-16T23:59:00.000,15,"Zorz, LYCURGUS",Gaswerk Music Days
2026-04-16,"Disko International #36 with Diablas Finas, Soulix & Lucky Loop",Panke,0,https://ra.co/events/2409233,2026-04-16T19:00:00.000,2026-04-17T01:00:00.000,,,
